product_id,quantity
274,204
243,459,ExtraData
194,145
254,40
221,192
255,280
209,187
101,53,ExtraData
164,314
126,75
156,141
251,241
100,331
289,117
173,182
171,390
128,464
152,308
112,45
130,38
172,358
283,43
178,423
188,234
158,344
196,71
222,101
135,170
146,205,ExtraData
191,306
188,44
221,170
239,78
216,46
262,213
237,130
152,322
114,173
232,189
257,241
148,394
124,31
120,140
183,125
141,179
211,125
145,271
294,67
145,343
241,347
234,73
166,261
284,32
270,470,ExtraData
238,423
146,99
244,383,ExtraData
137,100
138,293
144,424
110,101
138,74
178,486
197,127
196,451
287,221
154,436
108,255
242,148
265,184
164,121
239,294
158,461,ExtraData
135,102
170,177
150,350
230,199
203,452
202,327
129,335
227,240
207,346
155,206,ExtraData
158,146
221,385
268,374
158,432
226,185
228,443
246,82,ExtraData
179,91
116,19
210,282
196,81
219,435
246,198
217,454
218,184
197,315
137,147
299,190
272,400
271,28,ExtraData
123,102
299,103
178,150,ExtraData
140,337
253,84
251,441
228,44
188,277,ExtraData
115,487
144,217
299,183
184,357
130,329
249,377
158,124
231,69
278,201
286,460
280,54
105,116
144,228
153,34
123,328
254,440
232,385,ExtraData
297,499
283,155
241,414
200,412
142,330
263,302
195,422
254,485
273,272
169,319
278,273
293,301
284,48,ExtraData
174,264
197,429,ExtraData
168,462
160,126
167,493
115,461,ExtraData
156,444
117,455
168,410
190,50
170,341
106,477
128,123
106,215
105,69
127,413
115,186
277,451
269,82
132,496
201,16
189,457
266,285
221,140
219,218
224,287
272,398
207,253
142,74
254,49
125,282
269,398
212,386
293,83
187,224
183,326,ExtraData
240,97
119,341
154,21
174,102
270,399,ExtraData
117,101
143,278
168,332
261,192
236,395
275,479
286,273
280,491
121,348
190,288
161,369
155,370
129,285
289,325
173,24
202,274
185,313
213,317
204,82,ExtraData
198,140
297,335
216,465
237,36
236,292,ExtraData
134,254
192,139
102,223
162,226
240,206
249,60
151,222
283,84
203,76
154,422
142,314
144,228
165,107
187,162
160,371
235,365
131,363
131,280
135,154
298,384
146,152
181,465
142,346
230,387
166,61,ExtraData
273,124
240,97
216,381
216,130
103,388
258,288
182,163
119,412
213,77
187,86
271,184
271,179
161,453
206,429,ExtraData
168,378
206,161
102,143
237,117
201,408
296,51
174,259
219,151
127,439
102,222
115,318
144,134
282,323
219,117
264,466
286,224
185,51
179,74
144,322
240,430
260,234
298,299
295,194
103,412
146,110
136,66
200,381
218,21
186,368,ExtraData
217,388
283,172
138,101
129,469
162,76
107,499
149,445
272,470
137,425,ExtraData
135,151
126,60,ExtraData
181,251
286,116
105,13
173,417
261,87
176,99
249,392
160,416
230,362
119,350
123,143,ExtraData
261,119
128,462
190,436
278,397
262,409
208,146,ExtraData
169,306
255,410
266,483
146,339
286,63
185,305
256,131
132,62,ExtraData
127,268
287,228
194,401
188,59
100,130
148,206
203,40
260,458
153,129
211,241
285,491
250,147
185,328
275,270
149,195
279,34
246,435
189,423
140,336
118,248
135,135
159,128
123,97
153,188
154,74
263,460
147,254
252,338
281,72
140,474
125,124
137,247
252,401
161,473
299,127
239,210
185,444
207,237
106,433
218,399
126,286
183,87
197,469
287,315
247,407
222,237
114,62
227,310,ExtraData
214,466
201,94
113,455
143,281
155,368
110,189
186,279,ExtraData
298,209
229,131
192,462
106,337
146,193
229,112
287,327
282,71
226,204
128,133
266,155
230,213
145,356
274,491
219,83
123,368
291,373
269,446
160,451
286,227
110,94
185,385
111,480,ExtraData
254,478
238,294
255,43
133,418
217,140
259,213
148,202
293,94
146,71
191,444
208,306
250,352
107,201
125,154
157,435
293,353
222,239
193,133
190,70
258,454
209,244
127,339
126,217
120,124
160,65
289,233
285,126
192,160
144,231
170,444
268,449
291,55
112,434
119,426
225,44
259,213
168,272
281,129
132,58
143,356
119,12
127,30
111,176
267,426
296,484
117,86
215,475
180,215
157,61
110,185
172,443
129,226
110,433
246,183
145,249
237,172
286,314
134,151
256,223
206,483
101,312
212,99
271,309
101,419
140,164
204,299
212,232
115,394,ExtraData
141,292
222,21
253,224
130,106
175,295,ExtraData
143,450
217,391
275,475
275,341
281,48
179,411
259,417
288,104
114,41
167,204
178,236
139,213
241,160
202,124
284,466
287,93
233,444
278,306
244,496
230,396
247,342,ExtraData
171,181
188,467
159,416
248,274
288,118
286,251
121,132
275,288
245,321
269,302
298,11
165,443
178,425
110,429
116,308
225,195
124,446
158,153,ExtraData
199,424
211,135
188,349
117,15
297,135
194,238
286,109
153,366
263,196,ExtraData
168,157
155,459
104,369
281,496
137,189
171,236
144,307
117,491
139,437
247,478
159,455
112,385
175,24
209,24
226,294
134,164
171,420
179,213
158,268
140,390,ExtraData
275,422
170,185,ExtraData
273,468,ExtraData
258,414
104,135
273,96
204,46,ExtraData
277,419
155,295
138,337,ExtraData
138,383,ExtraData
299,160
198,452
175,74
153,360
281,314
193,356,ExtraData
138,55
207,44
275,330
245,183
117,429
256,176
154,364
163,356
163,199
171,337
243,330
280,55
115,447
156,316
167,123
261,65
110,313
272,328
299,307
105,168
271,240
186,376
129,399
141,468
258,393
162,170
242,230
234,372
212,456,ExtraData
293,134
106,11
237,170
119,325
165,269
257,482
132,167
126,287
272,192
105,97
170,122
289,370
281,98
169,45
232,52
284,152
285,224
270,160
138,268
280,377
175,397
156,477
169,239
278,341
163,387
282,190
244,404
101,317
132,295
130,126
277,354
133,300
136,31
187,483
157,213
207,44
261,179
207,122
195,179
114,158
188,135
183,145,ExtraData
159,20
121,102
274,42
184,358
274,87
149,186
232,292
251,189
219,32
180,391
121,87
138,244
165,64
161,46
299,314
204,271
156,20,ExtraData
277,442,ExtraData
109,500
171,496
168,53
194,362
145,99
246,448
236,394
196,136
242,389
178,435
102,217
121,373
110,459
194,462
280,399
130,102
153,351
277,29
192,267
198,310
135,223,ExtraData
295,401
103,474
111,105
137,448
171,209
262,469
155,317
213,368,ExtraData
112,306
217,317
281,463
237,437
191,432
115,497
149,151
183,196
132,213
188,184
120,70
233,267
185,394
275,262
136,311
227,61
254,34
244,121
272,287
167,278
214,245
105,408,ExtraData
284,233
243,243
253,332,ExtraData
284,99
264,425
111,73
170,195,ExtraData
298,127
175,41
208,437
110,188
222,422
143,467
294,241
286,33
175,247
160,446
114,345,ExtraData
297,396
234,449
278,40
145,133
107,438,ExtraData
219,449
277,398
190,242,ExtraData
116,264
127,493,ExtraData
142,253
296,156,ExtraData
237,428
264,130
142,448
271,18
213,65
254,172
117,122
118,361
160,240
184,105
162,357
299,147,ExtraData
172,450
147,177,ExtraData
220,14
172,336
118,347
125,361
177,466
233,34
221,80
127,327,ExtraData
257,189
257,421
187,96
245,356,ExtraData
172,298
114,428
261,40
160,45
287,255
136,497
109,326
162,445,ExtraData
249,404
232,226
287,226
183,38,ExtraData
258,224
267,299
289,307
200,498
172,449
290,129
128,56
180,400
143,376
141,394
275,270
160,364,ExtraData
293,424
161,474
241,85
208,78,ExtraData
134,215
233,18
245,484
109,388
176,431
261,50
139,305,ExtraData
143,481
265,275
107,394,ExtraData
250,55
247,364
132,486
245,45
291,468
114,77
227,292
172,264
101,404
235,333
265,205,ExtraData
231,363
169,339
115,456
227,275
186,409
202,237
174,262
274,38
151,59
295,263
208,83
198,152
245,424
158,44,ExtraData
167,307
258,255
181,114
280,228
195,195
266,197
105,118,ExtraData
150,160
122,107
182,374
286,463
114,177
182,204
295,91
164,455
107,101
141,500
203,179
268,41
150,432
185,137,ExtraData
113,93
157,105
184,343
195,57
113,270
193,25
199,406
150,342,ExtraData
206,487
287,458
210,358
102,310
263,180
224,291
132,291
239,342
258,321
226,241
296,110
285,407
191,375
192,302
297,178
255,237
290,152
252,85
157,220
247,102
147,356
123,328,ExtraData
262,493
187,443
172,352
167,189
216,251
181,78
152,169
268,33
280,230
130,329
174,129
212,324
227,272
269,165
220,64
134,96
257,257
184,445,ExtraData
162,488
268,280
283,22
170,307
217,475
100,140
196,403
162,152
292,425
117,451
237,315
154,493
276,72
173,76
179,267,ExtraData
232,17
107,106
206,273
154,132
143,275
267,130
143,403
242,34
274,462
227,39
166,475,ExtraData
276,166
118,356,ExtraData
299,80,ExtraData
201,322,ExtraData
297,236
163,456
120,448
103,495
123,56
180,482
146,162
200,247
218,299
138,323
104,348
147,324
185,397
235,399
264,200
213,210
153,150
173,417
184,210
109,472
109,308
265,459,ExtraData
180,203
212,411
277,176
129,49
104,496
208,323
240,269
181,60
217,158
260,288
268,324
255,53
128,485
181,367
139,358
117,468
238,282
215,411
168,216
280,247,ExtraData
109,173
283,124
284,365
181,31
275,190
195,78
242,444
203,277
248,311
115,368,ExtraData
203,119
237,385
186,117
249,220
146,484
203,224
275,348,ExtraData
141,389
142,395
121,393
248,204
157,229
275,353
230,367
200,73,ExtraData
267,48
100,150
285,418
178,500
116,95
236,103
149,195
290,429
283,336
201,14
188,487,ExtraData
199,363
170,64
242,341
258,427
136,409
246,161
194,119
178,80
143,56
216,441
294,497
108,157
159,188
293,313
121,51
153,316
146,340
134,394
185,102
156,216
160,43,ExtraData
270,103,ExtraData
217,371
124,307
144,121
190,196
129,286
101,261
129,206
110,305
133,340
193,37
104,19
278,29
103,413
272,205
198,384
188,491
119,331
264,38
259,288
244,278
269,105
205,129
116,102
176,301
209,49,ExtraData
260,141
209,123
214,359
152,299
230,11
266,61
229,404
126,19
104,316
155,422
244,280
153,124
101,365
186,426
179,462
186,30
263,494
132,424
132,175
224,235
268,380
149,272
286,74
172,467,ExtraData
204,376
294,121
224,437
100,469
193,429
261,159
195,32
104,172
258,123
154,498
284,349
243,421
140,123
274,112
253,440
118,494
114,344
182,319
287,416
212,274
127,475
149,283
215,100
220,500
141,269
255,495
292,322
261,421
159,343
182,102
155,135
189,426
241,128
179,18
193,130,ExtraData
164,322
185,224
247,249
127,377
131,234,ExtraData
276,485
175,111
102,401
297,328
275,225
286,39
155,464
163,159
224,195
113,407
269,60
285,190
255,167
212,64
127,200,ExtraData
176,98
194,91
258,376,ExtraData
133,182
120,142
146,238
231,293
114,284
143,403
131,291
108,252
213,137
271,318
176,13
217,280
295,460
164,447
264,415
138,66
230,66
163,56
209,500
190,253
277,439,ExtraData
253,262
140,259
119,397
153,65
214,57
287,403
186,438
196,203
230,313
114,334
172,63
168,410
272,230
194,276
232,188
160,94
261,236
287,28
142,223
179,135
117,351
214,173,ExtraData
286,40
282,68
148,307
252,456
264,201
153,333
136,105
123,218
188,429
254,478
198,88
250,185
297,222
185,289
245,209
195,491
257,219
182,326
247,182
141,363
175,12
238,482
207,445
216,125
236,142,ExtraData
164,400
133,239
114,219
101,293
188,285
250,410
269,24
262,22
247,55
198,460
132,323
286,376
160,199
224,372
161,322,ExtraData
245,216
197,394
156,370
184,497
137,169
105,118
122,495,ExtraData
153,116
186,117
244,137
205,500
114,334
238,407
279,175
262,104
150,277
252,10
224,156
202,357
275,118
143,426,ExtraData
104,203
186,110
288,87
198,389
155,292
211,37
202,280
145,200
170,471
138,250
271,81
119,124
119,288
247,481
136,95
270,353
143,262,ExtraData
261,71
149,390
188,489
141,241
287,63
110,274
212,230
271,272
122,138
200,134
161,137
128,480
220,253
174,98
245,119
262,300
149,386
147,233
293,440
148,129
248,205
171,333
167,34
258,110
228,317
244,296
215,485
156,293
137,441
107,129
219,426
189,16,ExtraData
238,49
123,23
201,437
146,224
215,454
111,135
230,183
256,153
151,108
205,57
277,312
220,408
224,208
147,405
188,142
221,24
173,337
222,223,ExtraData
121,258
179,68
298,490
157,333
190,14
113,48
111,329
266,427
200,51
265,34,ExtraData
119,432
281,442
100,247
203,182
193,485,ExtraData
259,82
175,138
115,322
113,485
293,370
264,351
177,71
155,192
144,285,ExtraData
169,385
291,25
183,35
136,72
213,124
136,247
196,412
195,416
277,231
248,335
204,327
200,251
128,194
101,488
244,162
260,309
124,498
249,307
278,269
227,260,ExtraData
141,268
173,493
131,487
240,88
109,441
182,317
188,447
186,495
126,497
227,251
137,335
144,419
241,118
288,39
287,331
206,451
159,178,ExtraData
101,281
224,46,ExtraData
284,73,ExtraData
129,94
215,98
108,460
113,190
249,408
133,229
199,444
193,38
136,245
171,71
216,89
155,34
285,170
270,317,ExtraData
259,158
127,372
288,242
142,135
208,71
211,337
284,363
281,200
218,371
260,183
196,439
109,223
155,368
190,123
286,254
180,298
237,68
150,331
150,36
125,493
180,373
199,158
119,316
266,144
197,16
280,299
189,58
275,349
146,51,ExtraData
283,294
228,292,ExtraData
115,417,ExtraData
254,312
107,304
241,437
166,229
256,178
157,238
257,124
224,65
187,84
192,347
174,78
119,56
209,237
102,306,ExtraData
189,363
209,13,ExtraData
127,380
248,168,ExtraData
172,178
161,52
195,46
176,391
282,16
233,374
192,124,ExtraData
145,45
201,126
208,43
290,156
227,485
199,19
214,11
281,32
107,466
182,132
144,480
153,65
206,133
229,453
278,205
243,227
213,296
130,224
251,204
189,232
125,68
282,147
264,361
166,474
272,179
147,345
134,181
134,75,ExtraData
203,403
104,109
268,436
147,311
232,292
137,124
126,363
251,44
165,283
124,80
112,376
106,382
243,464
178,242
212,422
115,382
237,455
106,267
139,397
282,457
124,29
214,258
110,234
296,94
180,376,ExtraData
214,86
259,453
226,407,ExtraData
121,248
122,137
162,160,ExtraData
101,23
126,27
238,113
179,53
280,250
236,65
140,202
184,415
141,94
152,365
270,106
261,469
170,382
205,268
132,416
259,330
250,236
247,135
250,35
125,66
129,421
220,323
149,336
179,37
283,190
157,319
196,393,ExtraData
132,406
207,18
166,206
261,359
253,249
187,293
116,247
176,401
188,351
122,112
245,36,ExtraData
243,341
202,273
139,75
287,147
255,177
161,202
274,312
146,339
257,41
193,133
116,330
295,102
146,202
253,202,ExtraData
217,480
269,346
266,291
137,491
214,279
285,386
197,433
166,451
202,417
141,378
267,217
145,496
252,140
244,156
241,263
280,496
104,252
118,266
277,363,ExtraData
191,31,ExtraData
169,95
206,133
176,194
216,55
220,134
201,259
294,81,ExtraData
204,199
280,148,ExtraData
231,179
103,56
281,125
240,218
231,451,ExtraData
168,237
283,126
158,396
297,321
149,361,ExtraData
282,487
130,497
239,439
153,30
144,352
126,221
287,493,ExtraData
112,463
172,453
274,72
284,215
184,78
268,106
111,229,ExtraData
286,425
215,434
105,77
273,28
104,368
101,336
169,301
257,448
115,481
160,182
185,206
193,351
152,124
218,370
210,152
240,203
215,244
238,331
138,362
110,257
149,457
275,141
116,410
131,369
214,360
116,107
265,202
195,136
264,457
123,288
219,152
119,394
283,229
207,489
240,24,ExtraData
144,112
128,172
167,368
184,335
268,152
124,207
100,208
160,78
126,293
224,376
152,495
211,237
139,480
284,102
119,176
203,398
134,148
217,384
102,95,ExtraData
213,500
271,63
267,100
132,465
233,107
240,21
184,167
155,104
132,116
285,236
201,173
216,114
247,482
272,140
248,440
273,158
181,74
203,227
210,458
109,442
173,83
187,100
148,233
228,110
165,115
195,364
203,258
151,250
280,184
177,109
267,394
111,406
209,239
289,419
159,446
101,400
105,103
216,97
157,61
194,271
169,56
141,335
151,476
267,269
131,136
184,346
119,396
260,233
298,203
299,87
171,64
239,35
128,193
100,135
240,92
284,466
183,495,ExtraData
208,488
267,382
124,278
252,66,ExtraData
183,409
250,109
215,309,ExtraData
247,416
206,66
265,233
223,142
125,354
202,243
292,480,ExtraData
178,443
232,172
163,44
289,237
156,357
246,27
171,399
127,452
190,100
122,172
179,314
271,274
197,223
213,71
135,448
138,216
206,127
279,290
198,500
297,39
163,283
181,211
273,150
273,482
184,350
115,26
161,152
205,121
104,204
253,388
269,141
121,119
151,218
259,170
141,157
201,419
258,118
189,490,ExtraData
173,399
185,209
120,308
162,418
200,34
219,426
200,166
222,237
140,114
223,216
269,352,ExtraData
265,318
207,173
179,252,ExtraData
283,262
109,377
208,39
100,138
244,452,ExtraData
223,119
246,380
114,38
162,88
147,76
143,366
175,29
142,102
288,86
130,254
289,492
202,287
270,418
278,71
122,465
168,421
269,53
266,213
254,32
120,414
177,194
139,281
229,303
206,51
167,459
220,322
264,369
172,487
270,494
251,18
151,46
252,219
107,488
252,129
275,40
187,265
253,199
159,61
299,492
173,377
280,234
259,194
231,431
164,122
179,399
178,77
127,46
248,154
296,489
288,339
243,332
214,483
202,431
176,136
236,74,ExtraData
191,154,ExtraData
154,490
245,33
191,71
262,415
187,341
262,403
193,90
262,486
198,31
253,44
256,225
241,476
101,389
173,28
116,41
110,457
295,176
269,51,ExtraData
298,11
229,225
217,213
225,250
193,228
148,73
206,491
202,307
208,95
286,125
233,269,ExtraData
290,415
248,278
155,336,ExtraData
111,13
217,98
195,372
224,268
220,314
203,379
223,327
279,432
222,44,ExtraData
293,28
267,244
227,114
185,309
221,353
257,262
249,84
217,402
139,57
199,496
204,418
199,224
211,257
263,267
233,407
151,34
216,422
220,430
124,285
245,377
205,259
150,292
236,66
224,235
246,125
226,93
115,492
258,205
265,452
297,237
100,402
191,252,ExtraData
253,421
242,443
113,338
294,326
163,416
179,113
298,116
188,165
230,36
254,146
281,276
277,473
255,174
196,91
175,406
216,271
273,358
268,293
192,433
233,129
176,274
283,136
146,165
224,453
272,256
132,47
234,234
120,479
131,453
282,133
273,255
260,301
207,370
230,192
123,69
267,85
157,128
137,127
167,155
119,161
299,306
271,241
133,65
198,135
194,115
270,78
102,208
252,223
293,167
127,386
105,18
216,80
153,138
271,136
286,476
162,308,ExtraData
123,78
119,167
240,91
160,125
191,235
290,157
211,328
174,475,ExtraData
282,44
230,412
266,300
251,462
178,217
165,475
272,359
193,184
193,392
186,282
135,435
137,218
261,12
238,403
144,369
118,226
206,332
127,493
242,369
177,32
114,40,ExtraData
149,149,ExtraData
193,332
180,288
299,210
112,485
264,392
250,276
252,265
182,269
215,89
274,177
168,23
167,291
258,320
108,400
262,100
287,115
124,280
235,261
115,415,ExtraData
243,313
174,169
277,183
276,489
122,322
108,475
215,10
230,491
207,426
260,222
283,204
159,38
123,225
197,264
240,83
177,18
106,473
256,328,ExtraData
262,63
153,410
146,378
198,382
163,91
129,137
219,197
110,169
134,79
236,378
197,36
117,434
190,491,ExtraData
288,231
240,94
259,80
270,450
173,236
168,424
105,160
244,355
128,405,ExtraData
258,127
279,145
117,90
274,51,ExtraData
245,280
116,152
279,56
148,41
116,159
106,333
111,133
174,177
275,373
142,121
255,460
103,365
122,480
120,314
251,146,ExtraData
255,88
165,498
260,437
239,100
110,351,ExtraData
113,39
226,475,ExtraData
265,29,ExtraData
271,369
227,373
185,30
203,454
111,184
211,379
143,177
106,212
149,78,ExtraData
208,247
119,419
198,96
106,463
236,341
152,455
125,482
217,174
167,322
161,444
112,159
157,283
105,225
174,236
166,71
101,209,ExtraData
280,176
182,292
244,361
262,481
242,112
292,91
100,304
159,437
112,83
137,71
126,97
232,129
264,261
256,446
139,359
233,33
101,111
156,456
196,359
202,176
223,394
146,450
269,487,ExtraData
119,122
131,116
145,46
242,334
231,364
120,165
275,335
100,407
162,428
229,193
177,215
120,403
208,174
137,381
297,500
178,444
116,337
120,11
171,274
243,412
270,393
202,211
116,303
175,102
158,112
126,284,ExtraData
109,383
281,96
259,448
188,167
178,376
174,483
159,253
281,267
296,261
108,132
159,97
125,183
221,155
279,401
212,269
273,258
139,324
293,103
278,390
271,106
139,146
235,453
207,58
130,414
180,178
219,98
252,301
294,487
177,440
279,389
257,408
226,224
210,363
154,172
129,64,ExtraData
233,371
272,264
222,188
195,215
119,101
267,319
298,296
169,193,ExtraData
227,219
215,64
223,325
242,90
218,356
141,252
187,65
163,96
185,434
108,290
178,322
265,413
297,495,ExtraData
249,145
253,43
165,469
214,237
166,167
234,466
191,369
299,96
117,303
261,146
118,374
250,220
265,351
164,44
159,101
113,418
201,329
199,202
199,393
155,312
212,158
196,19
240,438
136,409
245,75
298,334
197,220,ExtraData
279,256
158,77
122,19
100,401
231,155
241,53
208,395
190,266
257,264
295,412
280,237,ExtraData
237,36
160,248,ExtraData
270,395
117,406
234,432
298,243
161,211
176,498
115,297
149,31
217,442
181,195
260,92
169,144
143,397
236,126
276,219
104,344,ExtraData
291,427
270,151
184,165
249,287
256,115
257,334
106,146
214,430
127,411
173,215
268,50
279,445
287,345
281,449,ExtraData
144,382
200,57
135,121
277,344
212,126
154,218
108,457,ExtraData
259,143
191,303
176,416
103,456
124,447
124,421
223,218
162,485
193,101
145,134
132,203
299,491
173,164
154,65
232,262
123,59
217,500
250,67
251,392
227,157
268,239
195,465
203,381
218,329
152,134
259,426
206,24
238,54
130,170
241,111
128,207
112,283
211,215
268,223
164,114
120,325
128,316
206,95
133,370
232,451,ExtraData
264,368
293,84
185,134
270,205
114,366
284,251
256,449,ExtraData
183,146
104,143
239,447
234,450
140,380
118,152
133,234
145,370
118,25
230,364
193,323
157,144
180,483
289,109
292,174
171,307
241,408
181,153
117,70
230,60
201,302
244,391
264,240
110,401
143,75,ExtraData
113,428
143,254
265,283
146,271
187,266,ExtraData
268,158
159,188
297,354
266,307
191,346
264,27
220,128
274,186
153,112,ExtraData
276,327
103,233
188,20
182,18
260,481
299,310
249,16
126,469
236,170
203,202
169,364
176,205
265,416
106,95
228,23
245,405,ExtraData
160,399
211,402
263,30
109,334
275,42
210,205
186,337
241,366
246,425
175,84
106,354
169,124
234,334
267,154,ExtraData
298,312
124,32
242,125
152,88
131,381
120,258
138,161
241,216
217,468,ExtraData
250,154
205,478
288,478
285,15
290,214
289,178
234,164
247,440
188,83
272,307
140,389
124,466
188,494,ExtraData
160,83
173,459
190,144
160,193
215,218
137,453,ExtraData
198,161
200,177
191,487
164,490
188,435
134,117
243,377,ExtraData
175,431
235,375
227,37
192,102
253,199
277,198
163,101
108,103,ExtraData
125,153
102,119
236,324
179,11
246,39,ExtraData
297,156
238,462
129,210
268,320
201,382
185,389
151,235
267,47
142,300
124,177
252,363
237,238
213,425
237,386
256,418,ExtraData
272,263
127,37
108,283
102,285
121,208
127,53
202,298
164,12
293,179
194,242
171,237
134,123
247,280
167,348
218,201
118,134
197,302
249,392
143,202
268,236
242,148
250,402
230,31,ExtraData
119,25
106,389
145,28
154,406
123,458
260,44
221,130
159,383
123,416
273,402
292,454
289,421
120,286,ExtraData
260,446
198,282
199,482
123,476
235,157,ExtraData
111,44,ExtraData
240,466
277,67
243,90
198,35
159,308
256,441
278,350
166,394
217,375
154,423
297,450
299,233
277,34,ExtraData
210,61
147,173
254,377
197,222
143,69
191,384,ExtraData
165,285
219,170,ExtraData
244,109,ExtraData
210,193
231,331
248,189
187,84
246,104
248,455,ExtraData
189,396
245,422
171,380
213,41
174,336
139,226
235,273
230,453
202,416
141,329
240,279
232,204
125,114
237,487
284,476
283,213
245,104
234,125
241,49
171,385
213,234
268,262
287,469
198,246
181,162,ExtraData
156,470
126,82
170,85
273,273
128,195,ExtraData
161,70
182,146
118,442
101,199
213,92
102,248
252,258
175,97
212,45
117,53
151,153
182,191
291,189,ExtraData
256,203
214,196
158,298,ExtraData
232,362,ExtraData
101,320
209,390,ExtraData
153,491
119,499
209,259
249,59
268,243
201,500
270,209
210,70
249,285
274,463
122,90
154,194
252,134
290,336
197,324
188,160
162,12
217,374
176,311
134,354
135,294,ExtraData
199,481
244,272
138,341,ExtraData
116,325
183,111
170,328
240,290
125,173
188,241
175,38
147,266
126,321
223,367
275,21
209,196
247,379
221,80
135,139
176,111
247,43
272,171
272,175
174,204
192,108
145,142
286,319
291,52
165,208
147,320
267,241
139,447
184,253
184,100
148,234
261,38,ExtraData
162,280
225,206
193,389
119,469
102,140
241,431
240,203
234,215
225,16
147,347
145,282
163,350
294,281
135,294
101,95
276,400
128,241
206,183
226,213
210,348
194,408
174,219,ExtraData
175,76
255,125
177,234
164,307
179,25
179,24
288,41,ExtraData
136,204
296,328
143,29
241,371,ExtraData
123,377
159,46
204,25
137,471
153,425
223,347
108,391
117,70
125,162
243,317
175,89
294,82
127,242
158,335
236,439
211,185
102,256
224,34
240,249,ExtraData
210,435
229,323
171,294
197,196
241,45
152,196
237,49
294,66
232,457
162,252
139,108
249,221
157,104
179,104
191,264
139,153
176,464
181,59
100,358
139,190,ExtraData
255,92
273,466
111,427
250,83,ExtraData
159,53
273,258
283,393
192,305
252,92
105,35,ExtraData
246,394
285,451
107,448
239,341
195,467
183,214
268,152,ExtraData
259,465
195,103
179,195
161,495
299,276
157,129
246,370
299,475
201,44
192,291
189,377
260,380
155,304
207,430
294,189
234,64
222,72,ExtraData
269,28
291,354
290,337
290,156
215,208
291,282
148,71
167,59
246,178,ExtraData
123,64
208,188
175,12
207,84
253,194
207,137
207,116
101,452
210,24
288,459
212,319
187,375
198,389
291,354
147,184
151,308
237,392
223,245
256,140
189,458
239,233
231,206,ExtraData
128,172
254,458
175,158
194,31
216,373
129,49
110,282,ExtraData
287,448
225,364
274,370
239,21
203,374
239,221
115,281
276,466
253,112
215,486
282,62
189,19
275,198
239,433
285,310
218,426
232,82
123,281,ExtraData
297,131
134,321
136,448
148,231
280,168
112,266
267,228
259,78
132,321
159,450
207,448
269,359,ExtraData
265,377,ExtraData
281,24
270,463
240,172
209,80
189,375
170,315
188,388
215,100
236,103
221,267
196,277
268,497
298,398
299,405
153,453
277,58
181,275
132,221
291,277
292,392
291,444
276,467
180,114
124,279
145,340
162,201
104,81
213,175
119,433
200,267
156,385
256,497
103,113
190,460
252,308
145,184
214,207
169,378
263,342
270,108,ExtraData
251,198
262,186
290,452
214,164,ExtraData
209,54
194,378
266,435
265,446
191,359
100,298,ExtraData
101,304
250,452
227,461
293,462
188,362
169,109
209,328
182,360
299,90
212,152
206,257
275,473
237,379
138,69,ExtraData
261,303
295,219
117,190,ExtraData
299,270
189,120
158,199,ExtraData
283,134
125,186
233,23
253,330
133,134
105,94
140,372
146,454
158,420
206,115
228,344
254,243
158,419
278,490
272,465
200,12
100,111
148,359
249,233
135,335
237,475
269,166
255,269
118,18
236,257
132,208
164,160
171,273,ExtraData
101,166
138,252
147,24
153,461
282,406
205,269
252,382
172,155
286,99
252,355
175,93
198,329,ExtraData
260,325
104,117
262,17
137,282
180,293,ExtraData
192,140
183,433
272,371
244,469
295,494
255,100
162,65
240,280
167,276
207,313
265,407
278,43
162,272
214,318
120,288
128,104
238,71
191,137
237,417
250,311
131,173
210,182
269,25
284,130,ExtraData
152,227
292,387
237,212,ExtraData
263,150
260,79
205,140
257,41
205,339
184,383
153,361
112,270
120,78
262,41
146,132
232,273
177,19
214,349
259,81
293,371
185,285
227,101
196,95
198,179
123,327
127,205,ExtraData
235,412
180,350
155,342
213,117
125,358
174,364
249,363
225,350
106,257
140,390
152,198
258,125,ExtraData
204,463
127,207
290,135
125,375
158,245
175,319
105,169
273,228
223,388
128,53
171,80
206,180
148,135
229,54
231,254
273,192
294,373
184,84
198,78
104,12
114,50
243,359
237,445
254,425
138,496
135,216,ExtraData
244,350
118,432
224,170
199,128
186,373
247,411
112,260
222,296
268,332
215,126
232,392
134,410
115,178
196,337
289,494
130,197
179,251
119,437
166,129
152,295
245,445
259,102
259,92
267,270
299,270
260,208
239,139
247,34
101,297
172,369,ExtraData
279,228
211,250
192,224
297,397
182,438
136,64
138,405
292,489
273,429
129,406
221,149
266,130
148,112
204,280
220,131
278,284
209,146
112,288
187,392
260,256
198,356
182,30
165,212
190,104
293,263
191,491
113,406
250,271
272,278
129,227
210,463
224,75
156,337
237,445
144,306
249,151
238,232
122,21
211,424
178,319
168,64
179,11
297,144,ExtraData
285,436
198,408
182,178
114,499
270,274
221,327
167,469
149,10
250,122
126,78,ExtraData
242,289
273,454
230,175
246,193
172,21
142,375
257,11
220,428
204,463,ExtraData
265,101
284,376
135,254
175,76
101,368
217,152
225,256
173,72
181,260
175,133,ExtraData
217,51
255,341
145,40
252,156
188,442
206,18
215,465
298,330,ExtraData
291,20
132,16
116,295
286,411
242,255
209,49,ExtraData
225,122
116,364
113,321
298,214
105,495
202,455
191,224
147,365
147,288
177,53
224,461
102,277
156,128
141,448
234,482
190,89
273,477
135,237
118,467
230,155
268,478
265,406
180,269
245,286
288,461
133,368
244,132
149,266
176,306
296,413
241,475
155,160
282,103
263,273
155,192
162,261
235,38
223,437
107,492
131,108
100,57
220,38
284,496
107,429
110,368
117,413
260,257
185,485
293,215
110,224
174,308
213,331
254,432
290,219
107,287
224,11
149,196
241,128
107,193
253,178
228,92
160,146
206,468
180,172
134,282
157,497
191,168
205,415
228,329
295,287
268,415
223,118
121,44
262,121
116,65
184,353,ExtraData
275,250
220,306
111,240
258,67
285,47
297,247
170,113
158,119
242,391
297,183
289,374
281,69
101,26
225,334
227,377
205,495
185,81
272,319
268,486
213,109
249,483
103,428
111,110
264,260
107,430,ExtraData
129,475
103,196
180,114
287,234
225,197
292,487,ExtraData
230,287
244,394
134,138
233,75
119,413
189,417
131,150
273,174
287,317
177,416
190,182
145,249
297,435
274,441,ExtraData
215,433
112,123
143,53
168,409
231,212
191,237
250,138
103,348
101,368
111,172
157,384
268,355
257,487
272,191
167,34
150,304
263,147,ExtraData
153,273
201,267
115,195
171,11,ExtraData
145,500
250,379,ExtraData
290,154
133,487
195,202
195,260
147,435
173,404
243,392
136,203
202,419
151,332
109,497
180,43
114,21
282,118
204,132
163,331
149,354,ExtraData
230,163
286,209
166,64
289,54
243,354
162,112
157,222
217,338
132,355
297,192
174,487
265,334
250,80
276,223
177,442
284,194
285,443
179,284
281,307
188,289
185,28,ExtraData
276,190
200,169
181,113
210,239
267,252
145,480
145,498
270,470
130,320
258,62
258,266
135,394
227,438
165,337
198,181
200,207
114,392,ExtraData
119,261
158,304
146,277
286,227
111,195
103,479
289,217
281,267
285,307
140,154
158,22
199,219
231,201
182,64
243,387
297,336
101,464
296,99
179,16
154,309
240,161
283,78
218,499
135,364
156,436
236,480
267,98
246,245
180,294
212,301
279,147
249,265,ExtraData
167,400,ExtraData
221,92
132,100
266,102
189,144
294,193
274,65,ExtraData
163,194
189,382,ExtraData
293,158
220,341
132,90
114,373
185,362,ExtraData
206,182
283,447
214,205
228,434
216,291
168,255,ExtraData
113,348,ExtraData
182,325
275,286
154,493
195,462,ExtraData
220,193
114,393
295,43
210,251
119,161
257,453
202,122
286,487
103,409
285,260
238,436
289,108
122,27
242,368
189,89
282,112
218,170
119,351
269,423
216,228
141,113
240,460
119,336
211,324
188,18
149,48
173,15
116,285
189,180
145,97
215,213
118,107
157,161
213,282
206,394
138,22
150,451,ExtraData
112,378
223,56
126,79
230,125
224,118
246,340
212,93,ExtraData
160,301
156,304
160,119
144,321
294,379
270,244
145,397
193,443
142,407
129,452
282,178
140,343
209,409
187,191
287,107
257,139
133,323
294,271
110,215
230,107,ExtraData
210,13
134,323
197,325
194,378
273,368
147,139
111,435
185,461
250,65,ExtraData
219,34
264,85
163,364
139,159
234,266
146,331
227,444
221,25
122,380
210,368
289,355
122,389,ExtraData
161,359
161,415
133,454
247,275
192,500
237,43,ExtraData
206,171
176,449
214,122
106,82
175,470
107,302
242,333
121,458,ExtraData
273,475
213,177,ExtraData
294,486
249,237
251,298,ExtraData
221,214
202,466
156,90
210,52
154,354
119,69
110,410
125,183
134,367
108,74
172,417
116,419
188,274
105,329,ExtraData
246,325
148,392
119,318
214,345
267,73
114,267
169,415
166,95
120,476
259,500
145,388
293,89
191,330
240,70
147,423,ExtraData
244,51,ExtraData
258,128
244,16
211,399
295,28
212,12
260,51
120,369
258,143
192,195
184,137
268,83
149,55
188,35
274,163
115,434
149,184
160,271
114,205
275,169
232,64
164,26
204,285
169,408
274,499
228,181
270,393
119,354
261,132
152,59
282,339,ExtraData
233,86
187,123
259,315
160,293
170,78
259,28
294,12,ExtraData
283,199
209,132
186,426
297,189
249,27
198,372
122,73
111,199
191,121
173,417
196,204
125,78
224,441
186,300
159,125
114,474
119,493
283,491
185,279
249,179
159,496
286,470
295,247
261,75
205,453
202,204
221,332
187,231
229,347
227,358
149,311
146,291
245,308
168,217
153,474
118,278
280,140
220,171
114,235
193,110,ExtraData
113,481
276,165
209,129
119,146
138,293
263,436,ExtraData
220,146
205,246
152,286
279,287
101,257,ExtraData
162,193
205,329
168,476
282,157
263,41
261,256
179,172
167,311
150,464
262,201
143,184
202,124
238,55
122,372
130,318
238,415,ExtraData
132,477,ExtraData
129,376
200,430
267,386
291,263
145,236
222,111
167,313
196,286
138,147
167,403
220,193
139,30
254,278
262,12,ExtraData
130,310
214,122
264,407,ExtraData
285,134
142,52
284,241
186,431
216,309
255,181
127,347
228,14
242,169
224,69
168,461
132,159
233,140
288,137
138,280
106,434
223,258
240,96
146,81
175,407
278,373
132,370
177,354
287,264
179,499
214,233
138,144,ExtraData
285,277
196,246
169,279
268,331
247,159
216,401
227,167
103,316
176,59
299,287
259,293
103,185
194,23
105,224
101,58,ExtraData
136,455
139,466
278,161
248,297
138,167
251,418
253,186
150,242
284,453
181,55
105,396
205,259
176,413
243,54
173,80
286,263
242,139
277,237
138,177
123,83,ExtraData
294,242
228,406
250,334
234,289
241,344
177,208
234,186,ExtraData
176,145
202,72
122,281,ExtraData
256,102
251,268
295,185
142,184,ExtraData
247,184
257,126
168,66,ExtraData
270,170
108,435
249,377
269,302
166,79
157,364
199,475
231,243
120,171
110,498
285,120
137,219
145,162
131,425
123,43
217,70
116,36
296,382
194,307
195,11
107,248
145,221
293,190
243,191
103,335
276,426
129,407
193,82
255,328
246,455
187,332
194,36
147,175
116,48
122,116
125,415
259,210
224,396
186,422
272,15
241,66
295,308
206,80
118,270
274,103
238,38
127,173
135,19
188,335
214,491
127,325
181,288
135,90
207,206
256,222
121,285
176,178,ExtraData
193,489
228,227
260,149
210,309
132,225
153,260
221,101
278,292,ExtraData
201,385
272,332
106,410
178,454
158,169
284,111
178,172
214,484
257,440
191,226
256,98
141,126
294,135
167,443
139,41
234,112
269,277
227,323
109,488
278,482
145,267,ExtraData
246,382
177,463
243,10
140,244
111,309
254,388
100,448
167,243
224,450
179,218
255,234
238,400
102,472
212,383
237,67,ExtraData
195,216
175,162
210,387
189,426
172,467
192,497
132,20
152,140
125,32
222,97
246,335
155,97
134,286
232,362
283,185
105,271
136,103
135,112
252,414
215,385
114,58
154,44,ExtraData
228,100
141,453
107,311
244,281
246,60
155,472
149,15
175,332
237,437
142,211
198,398
298,342
279,188
268,269
253,310
292,134,ExtraData
110,161
295,494
175,14
265,239
280,303
107,211
191,170,ExtraData
265,277
216,498,ExtraData
160,87
145,284
297,378
136,271
112,477
262,451
189,455
193,187
214,135
298,462
294,440
118,79
267,454
106,411
268,339
233,263
204,179
226,144
203,369
247,497
233,407
169,41
102,281
155,379
225,207,ExtraData
262,257
155,170
288,104
280,32
194,444
187,421
256,121
146,408
259,458
243,14,ExtraData
269,191
166,154
129,231,ExtraData
195,86
188,165
296,58
127,199
104,178
261,153
290,338
238,194,ExtraData
299,122
176,233
208,149
229,328
272,105
201,216
292,143,ExtraData
155,333
108,276,ExtraData
179,219,ExtraData
298,251
251,451
217,391
239,311
207,273
142,472
204,379
122,115
131,365
149,36
205,238
278,184
100,454
206,162
230,392
243,366
144,94
230,213
187,374
197,36
254,90
124,136
244,241
231,106
151,369
245,37
183,82
276,106
181,375
280,98
289,70
191,442
254,19
157,119
187,216
234,254
254,159
174,98
109,219
113,320
211,437
118,60,ExtraData
147,422
251,253
282,491
201,309
191,35
275,32
122,280
146,455
265,306
232,414
202,208
106,292,ExtraData
124,257
262,118
198,13
242,257,ExtraData
208,426
166,67
292,261
263,445
125,329
231,91
162,190
173,367
129,381
155,500
142,305
118,482
233,127
191,377
125,169
286,154
275,296
158,169
141,57
256,124
283,50
194,220
178,367
147,258
298,139
150,338
131,337
150,435
178,60
264,309
154,272,ExtraData
289,51
228,217,ExtraData
223,25
202,176
116,57,ExtraData
223,335
107,165
230,367
106,126,ExtraData
192,374
112,105
106,88
278,176
146,337
202,328
250,432
280,42
276,193
180,238
187,58
172,256
110,46
133,368
184,203
257,328
159,70
185,437
269,206
221,434
250,332
269,53
136,279
143,144
175,135
216,365
282,418
182,378
111,461
294,408
128,243
113,202
199,171
193,440
137,63
277,278
133,384
243,104
102,235
256,223
250,71
189,186
160,330
177,12
189,345
118,459
293,348,ExtraData
136,369
125,109
273,119
259,274
184,363
172,175
271,307
133,415
157,158
247,122
217,156
297,106
280,218
287,425
268,116
274,182
273,184
135,221
221,188
161,86
170,282,ExtraData
152,106
147,126
276,208
265,279
249,260
119,386
146,281
253,468
140,378
198,440
265,461
266,52
201,498
283,59
176,69
270,348
136,199
225,260
280,326
198,466
211,408
122,311
181,230
159,371
227,237
223,222
169,487
183,129
274,416
123,329
198,182
194,466
299,55
230,351
117,338
178,308
293,367
268,424
141,168
160,69
258,487
267,408
104,265
182,78
270,429
131,253
111,409,ExtraData
151,115
133,22
259,464
183,490
261,119
215,210
277,185
224,288
168,21
172,70
285,172
168,279
296,257
294,186
225,287
219,166
108,207
155,252
228,299
256,73
287,266
155,240
271,213
250,139
155,188
161,385,ExtraData
268,499
237,372
233,326
223,358
143,131
216,487
145,421
120,413
116,346
187,205,ExtraData
156,488
290,42
231,414
196,30
221,118
279,56
295,89
150,70
111,306
221,140
179,162
128,352
190,266
209,186
280,376
269,155
194,473
153,421
261,346
233,431,ExtraData
233,333
169,224
175,334
139,182
157,196
242,350
172,239
277,59
216,12
278,313
256,61
220,378
169,102
126,488
160,148
149,301
258,387
296,233
292,111
213,464
295,431
217,254
215,364
271,24
205,301
168,51
153,426
119,289
208,203,ExtraData
203,407
107,470
297,122
174,271,ExtraData
248,457
138,80
128,39
174,173
263,378
108,45,ExtraData
138,383
121,404
142,374
230,144
297,55
154,421
113,441
216,153
283,69
222,316
178,349
187,278
215,423
121,103,ExtraData
298,12
162,369
132,338
227,48
150,137
280,267
176,95
251,489
244,240
231,379
264,59
152,113
182,171
209,75
106,290
158,184
241,74
286,25
106,332,ExtraData
245,400
155,135
177,65
149,46,ExtraData
164,65
247,71
260,305
185,347
274,475
294,99
186,86
185,51
121,47
281,493
197,473
267,184
195,453
282,484
254,284
180,135
245,471
289,176
108,234
219,211
231,292
235,56
232,104
230,74
192,280
172,329
200,177
296,395
265,314
235,486
184,296
138,361
233,18
282,171
183,367
240,119
244,297
290,430
245,189
277,154,ExtraData
253,491
222,57
218,245
182,37
240,257
182,296
191,399
110,48
143,398
235,103
172,216
281,139
252,446
111,408
187,140
234,71
250,365
175,183,ExtraData
152,28
130,269
281,180
276,174
221,140
145,244
145,153
268,159
265,352
258,407
286,27
152,332
134,314
199,159
140,293,ExtraData
124,46
151,50
259,133
111,111
107,162
204,107
121,230
261,105
136,366
101,71
222,215
114,259
180,77
101,358
197,188
122,316
287,59
124,184
287,285
146,114
105,452
255,296
113,176
231,461
125,49
260,76
145,399
242,150,ExtraData
274,373
222,52
152,364
218,64
282,169
247,490
260,400
109,264
234,106
183,226
131,284,ExtraData
227,379
271,474
240,409
101,368
171,182
170,74
183,464
240,230
282,363
145,189
228,350,ExtraData
228,483
113,134
155,235
125,311
176,131,ExtraData
287,62
116,115
180,394,ExtraData
243,456
220,298
158,318
278,497
148,186
169,241
105,220
191,446
295,299
232,265
242,240
205,336
285,491
283,108
136,80
264,159
138,378
193,373
296,238
202,236
292,274
118,181
224,496
292,117
199,495,ExtraData
228,129
136,149
183,55
121,447
194,119
179,236
249,61
299,208
163,172
275,388
181,321
137,20
266,39
103,74
224,298
286,260
223,178
132,111
225,203
258,260
131,180
209,276
217,337
188,74,ExtraData
169,88
192,214
265,29
273,352
277,443,ExtraData
275,338
179,395
175,119
113,60,ExtraData
130,30
108,182
139,84
286,129
226,278
153,450
162,83
172,368
125,152
112,116
145,222
191,178
116,319
220,249
153,406
189,161
102,84
178,135
113,28
265,144
188,405,ExtraData
283,103
133,184
181,275
237,491
206,63
261,403
234,152
137,204
233,76
146,14
183,36
219,29
112,168
126,399
232,158
174,381
180,183
260,17
200,76
295,139
196,325
272,182
132,449
223,264
187,132
145,177
177,250
294,443
116,383
235,351
143,440
233,318
296,125
178,374
144,179
142,307
154,296
111,450
170,415
256,330
230,270
179,467
193,97,ExtraData
212,456
171,473
142,261
225,258
150,175
121,170
208,303
196,26
248,87
185,319
213,101
235,85,ExtraData
216,42
178,434
293,449
194,292
290,105
193,286
201,424
173,488
263,297
278,455,ExtraData
259,372
129,35
150,269
116,250
173,290
257,136
254,115
215,483
288,390
136,223
114,93
103,201
166,285
279,487
196,454
260,327,ExtraData
296,155
201,154
224,25
172,84
153,101
177,87
245,461
244,47
105,143
113,183
210,257
248,457
154,367,ExtraData
186,176
132,219
241,60
262,425
174,232
255,116
254,142
209,353
262,59
206,275
100,14
118,86
116,126
105,196,ExtraData
130,199
227,361
133,391
218,439
196,153,ExtraData
226,267
129,168
191,203
206,52
267,76
209,130
153,276
297,306
103,119
104,475
122,218
265,466
159,390
200,400
236,167,ExtraData
242,257
276,149
158,179
138,122
112,322
115,455
168,147
270,49
284,148
166,22
260,367
127,454
106,334
130,494
125,49
278,108
110,422
275,137
293,200
173,340
119,40
107,149
250,244
146,253
274,313
228,106,ExtraData
251,338
257,352
246,498
275,52
250,77,ExtraData
227,123
185,118
103,108
179,214
137,308
159,399
234,104
149,275
123,39
280,237
154,410
225,173
198,183
138,212
185,456
232,404
209,430
126,460
272,182
177,336
199,399
260,321
182,132,ExtraData
280,85
135,362
257,420
151,103,ExtraData
216,244
269,92
152,357
130,113
263,491
161,433
155,444
275,191
173,126,ExtraData
263,479
170,293
273,253
182,333
105,39
143,419
107,15
156,131
237,479
200,44
223,65
219,83,ExtraData
256,51,ExtraData
213,132
165,29
103,459
261,49
114,72
237,455
297,249
179,287
266,97
262,63
113,13
232,359
131,63
231,144
105,220
294,273
187,138
258,45
201,72
129,164
126,31
177,325
223,157
154,187
105,91
269,491
232,418
265,433
145,103
172,413
157,179
218,450
271,497
256,115
255,247
206,51
145,366
212,333
299,214
295,45
242,111
113,238
248,286
276,31
200,436
248,47
202,458
229,24
198,462
216,476
107,186
244,383
241,174
286,470,ExtraData
173,16
176,246
175,286
161,131
144,105
284,13
198,438
200,337
238,16
281,111
257,17
289,269
283,197
293,304
153,81
266,204
292,392
228,63
196,337
146,74
242,168
173,33
114,161
119,104
261,190,ExtraData
192,366
139,329,ExtraData
196,81,ExtraData
255,21
275,326
234,69
172,267
135,15
187,446
116,484
272,447
270,143
271,399
152,437
278,112
141,89
194,417
257,350
103,308
267,252
229,352
273,282
183,212
266,198
289,185
279,385
258,383
221,456
264,226
249,378
172,242
191,137
295,127
178,225
141,135,ExtraData
270,404,ExtraData
161,134
132,204
279,282
130,15
167,283,ExtraData
100,489,ExtraData
140,68
104,439
296,58
214,121
269,286
181,376
167,435
286,300
297,168
165,336
280,171
170,435
107,58
164,111
127,485
189,213
209,438
240,436
260,165
236,322
175,13
233,377,ExtraData
110,386
246,393
247,252
178,457
205,423,ExtraData
254,83
209,499
195,82
155,376
125,257
280,64
164,400,ExtraData
289,400
238,186
213,474
136,61
236,436,ExtraData
250,181
123,239
117,452
280,242
223,28
181,496
221,242
139,494
176,483
222,143
254,168
164,93
150,271
232,78
194,135
123,244
256,83
238,287
141,261
223,67
169,76
110,23
118,55
275,150
277,15
281,343
254,122
160,207
139,380
125,13
134,20
190,36,ExtraData
262,122
248,397
223,98
221,352
263,367,ExtraData
116,110
116,440
268,32
165,329
129,315
257,52
113,423
218,363
268,378
184,261
294,373
187,83
203,157,ExtraData
123,283
251,426
231,32
135,67
237,279
161,443
259,438
112,55
193,266
199,243
152,262
110,182
209,30
122,282
212,226
160,290
133,161
229,385
197,73
107,12
269,174
256,81
225,237
220,210
101,403
111,280
293,249
200,104
227,391
107,304
203,437
163,234
223,310
241,227
146,378
258,359
277,305
296,241
246,456,ExtraData
174,75
197,47,ExtraData
113,380
103,470
235,469
115,98,ExtraData
109,159
126,380
229,413,ExtraData
125,483
114,277
176,400
195,446
171,260
173,254
129,119
286,323
224,64
102,294
114,449,ExtraData
133,126
219,55
104,338
236,401
259,338
241,255
291,209
110,306
103,202
235,155
259,276
231,366
222,52
151,479
117,440
135,125
142,16
246,206
282,255
200,186,ExtraData
147,324
149,236
281,445
298,240
297,341
257,253
202,259
125,101,ExtraData
107,31
248,272
147,477
220,57
188,375
201,103
190,265
150,487
175,90
104,344
230,269
173,285
270,114,ExtraData
250,491
215,56
232,277
248,321
158,395
240,92
218,175
197,348
106,113,ExtraData
216,279
108,381
130,130
114,456
129,302
